{"name": "Categories", "children": [{"name": "Games", "children": [{"image": "http://is3.mzstatic.com/image/thumb/Purple69/v4/03/1a/d5/031ad568-a147-7b4f-5a1d-64d76136cbe4/source/100x100bb.jpg", "name": "Clash of Clans", "value": 40636540}, {"image": "http://is4.mzstatic.com/image/thumb/Purple49/v4/87/a7/63/87a763af-c63f-385e-84f6-a703fee432fb/source/100x100bb.jpg", "name": "Candy Crush Saga", "value": 31510693}, {"image": "http://is5.mzstatic.com/image/thumb/Purple2/v4/40/c4/89/40c48972-e291-2bb9-5647-6f7e497ad3e1/source/100x100bb.jpg", "name": "Game of War - Fire Age", "value": 26589832}, {"image": "http://is2.mzstatic.com/image/thumb/Purple69/v4/ec/6e/37/ec6e379f-a7ea-17e8-dde0-62f62aac7bbf/source/100x100bb.jpg", "name": "Candy Crush Soda Saga", "value": 24264205}, {"image": "http://is1.mzstatic.com/image/thumb/Purple49/v4/cb/44/a4/cb44a4e2-56b1-4fef-ac1f-eca817eed98e/source/100x100bb.jpg", "name": "Boom Beach", "value": 17559280}, {"image": "http://is2.mzstatic.com/image/thumb/Purple69/v4/1e/6b/1a/1e6b1aeb-ea62-61ae-e65a-0b5c02a4103d/source/100x100bb.jpg", "name": "The Sims\u2122 FreePlay", "value": 13823787}, {"image": "http://is2.mzstatic.com/image/thumb/Purple2/v4/ea/90/6c/ea906c65-46e4-0596-d722-b67d97037a4c/source/100x100bb.jpg", "name": "Star Wars\u2122: Galaxy of Heroes", "value": 13674233}, {"image": "http://is4.mzstatic.com/image/thumb/Purple5/v4/2a/39/f2/2a39f253-ae38-8bc6-157f-979d1aa56712/source/100x100bb.jpg", "name": "8 Ball Pool\u2122", "value": 13153398}, {"image": "http://is1.mzstatic.com/image/thumb/Purple7/v4/23/5f/22/235f22a5-6324-a9a5-d60a-2e44dd9d703e/source/100x100bb.jpg", "name": "Mobile Strike", "value": 11075509}, {"image": "http://is2.mzstatic.com/image/thumb/Purple7/v4/57/aa/17/57aa17e6-5828-86cd-b6f1-0b08544f8003/source/100x100bb.jpg", "name": "Hay Day", "value": 10999835}, {"image": "http://is2.mzstatic.com/image/thumb/Purple69/v4/ff/da/cc/ffdacc32-3ea3-a292-4478-1b1c021b31be/source/100x100bb.jpg", "name": "Episode -- Choose Your Story, feat. Mean Girls: Senior Year", "value": 10377566}, {"image": "http://is5.mzstatic.com/image/thumb/Purple49/v4/04/a4/dc/04a4dc79-d1ba-02ba-ab43-dfa1dc20c918/source/100x100bb.jpg", "name": "Farm Heroes Saga", "value": 10202954}, {"image": "http://is3.mzstatic.com/image/thumb/Purple2/v4/93/b7/84/93b784d4-0a75-4fee-71fd-60e5ec2d5d35/source/100x100bb.jpg", "name": "Minecraft: Pocket Edition", "value": 8771994}, {"image": "http://is2.mzstatic.com/image/thumb/Purple69/v4/10/8a/18/108a182b-27fd-8f78-481b-089fde52c56f/source/100x100bb.jpg", "name": "MARVEL Contest of Champions", "value": 8735524}, {"image": "http://is4.mzstatic.com/image/thumb/Purple49/v4/df/4a/69/df4a693c-66a9-9ab1-a125-8efe44ea7d66/source/100x100bb.jpg", "name": "Gummy Drop!", "value": 8150072}, {"image": "http://is1.mzstatic.com/image/thumb/Purple69/v4/3d/ce/4c/3dce4cc0-bcfc-9d48-2cd5-449e26d8dd38/source/100x100bb.jpg", "name": "Dragon City Mobile", "value": 7458292}, {"image": "http://is3.mzstatic.com/image/thumb/Purple69/v4/d7/fc/92/d7fc9205-8c93-498f-1561-67a4a7f9ad25/source/100x100bb.jpg", "name": "Cookie Jam", "value": 7382658}, {"image": "http://is5.mzstatic.com/image/thumb/Purple7/v4/8c/d4/b4/8cd4b49a-ec18-6e97-2cfc-deb46a709807/source/100x100bb.jpg", "name": "Kim Kardashian: Hollywood", "value": 6001422}, {"image": "http://is1.mzstatic.com/image/thumb/Purple69/v4/95/ca/00/95ca00dd-c043-fd81-cceb-73c10ae926e4/source/100x100bb.jpg", "name": "Clash of Kings - CoK", "value": 5846459}, {"image": "http://is4.mzstatic.com/image/thumb/Purple49/v4/e1/83/e3/e183e381-b203-dd3d-1146-9fe33f2bf52d/source/100x100bb.jpg", "name": "Pet Rescue Saga", "value": 5795911}, {"image": "http://is2.mzstatic.com/image/thumb/Purple69/v4/1d/68/9e/1d689e02-0ec0-1e4d-cf8b-fec86e053fe3/source/100x100bb.jpg", "name": "Blossom Blast Saga", "value": 5679425}, {"image": "http://is5.mzstatic.com/image/thumb/Purple7/v4/5a/1e/fc/5a1efc2e-b323-d130-8ea5-24ddffce2a43/source/100x100bb.jpg", "name": "Cooking Fever", "value": 5523790}, {"image": "http://is5.mzstatic.com/image/thumb/Purple49/v4/6f/7e/75/6f7e7583-da0a-2da7-9f9f-561d0b6ea3f8/source/100x100bb.jpg", "name": "Football Manager Mobile 2016", "value": 5268422}, {"image": "http://is5.mzstatic.com/image/thumb/Purple49/v4/9c/3b/af/9c3baf15-f569-bcbb-3b13-d9292ffa2eb2/source/100x100bb.jpg", "name": "WWE SuperCard", "value": 5090059}, {"image": "http://is4.mzstatic.com/image/thumb/Purple3/v4/66/72/28/667228d3-a044-886d-5303-a7f4ad140b93/source/100x100bb.jpg", "name": "Minecraft: Story Mode", "value": 5004382}, {"image": "http://is1.mzstatic.com/image/thumb/Purple69/v4/70/73/de/7073dea9-6a84-479f-51c1-130cfd17b1a3/source/100x100bb.jpg", "name": "The Simpsons\u2122: Tapped Out", "value": 4964762}, {"image": "http://is5.mzstatic.com/image/thumb/Purple7/v4/99/db/5f/99db5f40-8121-f556-b660-d9cad4b56722/source/100x100bb.jpg", "name": "Jurassic World\u2122: The Game", "value": 4870984}, {"image": "http://is2.mzstatic.com/image/thumb/Purple69/v4/fe/c7/86/fec786e5-d824-6a50-f89c-32673c244994/source/100x100bb.jpg", "name": "SimCity BuildIt", "value": 4788005}, {"image": "http://is2.mzstatic.com/image/thumb/Purple69/v4/70/bb/0e/70bb0ea6-aa43-8108-cae6-6602b0e317c7/source/100x100bb.jpg", "name": "Big Fish Casino \u00ad Free Vegas Slots & Slot Tournaments.  Plus Poker and more!", "value": 4338320}, {"image": "http://is1.mzstatic.com/image/thumb/Purple69/v4/0a/da/a4/0adaa482-9515-32d8-385e-b291ec1dc646/source/100x100bb.jpg", "name": "FIFA 15 Ultimate Team\u2122 New Season", "value": 4185081}, {"image": "http://is1.mzstatic.com/image/thumb/Purple69/v4/97/24/e8/9724e879-c54a-4f0f-12e3-a344b9e7dfff/source/100x100bb.jpg", "name": "Criminal Case", "value": 3994183}, {"image": "http://is3.mzstatic.com/image/thumb/Purple49/v4/65/51/48/65514807-5307-c63c-d96d-9802a66fa55c/source/100x100bb.jpg", "name": "War of Nations\u2122 - PVP Strategy MMO", "value": 3993725}, {"image": "http://is3.mzstatic.com/image/thumb/Purple69/v4/d0/d4/9f/d0d49f8b-8b6b-0415-e1f5-ee71dfdcbd18/source/100x100bb.jpg", "name": "Zynga Poker - Texas Holdem", "value": 3949968}, {"image": "http://is4.mzstatic.com/image/thumb/Purple49/v4/a8/c8/55/a8c85552-4cde-0cab-bf44-b6cbd6541e6c/source/100x100bb.jpg", "name": "Top Eleven 2016 - Be a Football Manager", "value": 3893030}, {"image": "http://is3.mzstatic.com/image/thumb/Purple69/v4/24/16/fb/2416fbe5-393a-b837-a3fa-34b962469c94/source/100x100bb.jpg", "name": "Score! Hero", "value": 3887454}, {"image": "http://is5.mzstatic.com/image/thumb/Purple69/v4/de/65/6d/de656d19-f921-fb2e-0531-d6058ff29d48/source/100x100bb.jpg", "name": "Bubble Witch 2 Saga", "value": 3882246}, {"image": "http://is5.mzstatic.com/image/thumb/Purple69/v4/e3/f4/5b/e3f45bcf-dae0-3d95-7b80-ebdc2e19c308/source/100x100bb.jpg", "name": "Panda Pop", "value": 3863855}, {"image": "http://is1.mzstatic.com/image/thumb/Purple69/v4/2f/cf/6a/2fcf6a84-ec87-4949-3b39-178dc3beeef7/source/100x100bb.jpg", "name": "Pirate Kings", "value": 3827054}, {"image": "http://is3.mzstatic.com/image/thumb/Purple49/v4/1b/37/4d/1b374dce-f9d7-afb0-bd46-ff72b27b2040/source/100x100bb.jpg", "name": "Summoners War", "value": 3772524}, {"image": "http://is3.mzstatic.com/image/thumb/Purple7/v4/95/f9/ce/95f9ce0f-2071-a26c-364a-0f9c21c96d25/source/100x100bb.jpg", "name": "Hearthstone: Heroes of Warcraft", "value": 3632181}, {"image": "http://is5.mzstatic.com/image/thumb/Purple69/v4/82/af/72/82af720c-ff12-48f1-2b0e-64a2157f34c5/source/100x100bb.jpg", "name": "WordBrain", "value": 3468188}, {"image": "http://is3.mzstatic.com/image/thumb/Purple7/v4/6c/8e/61/6c8e6151-179f-b57d-d3fd-de15ac0d823c/source/100x100bb.jpg", "name": "MovieStarPlanet", "value": 3370863}, {"image": "http://is5.mzstatic.com/image/thumb/Purple49/v4/d9/45/5b/d9455b53-acf6-3c00-fbb7-d7b39fd630f1/source/100x100bb.jpg", "name": "Vikings: War of Clans", "value": 3336690}, {"image": "http://is5.mzstatic.com/image/thumb/Purple49/v4/20/08/1b/20081bbc-205d-0af3-36f3-1aa1937ff582/source/100x100bb.jpg", "name": "Candy Crush Jelly Saga", "value": 3243796}, {"image": "http://is3.mzstatic.com/image/thumb/Purple49/v4/f9/9c/e4/f99ce49f-e5e6-d587-c10b-7a00d4500957/source/100x100bb.jpg", "name": "Fishdom: Deep Dive", "value": 3219415}, {"image": "http://is3.mzstatic.com/image/thumb/Purple69/v4/a1/2e/3f/a12e3f92-a7a6-bae0-113d-b2478b34dd12/source/100x100bb.jpg", "name": "Township", "value": 3143930}, {"image": "http://is4.mzstatic.com/image/thumb/Purple69/v4/25/0e/52/250e5228-d79e-b15b-4e25-be5deb087c65/source/100x100bb.jpg", "name": "Real Racing 3", "value": 2710786}, {"image": "http://is2.mzstatic.com/image/thumb/Purple49/v4/50/84/eb/5084eb7c-a1e8-4278-21cb-74c6305de12c/source/100x100bb.jpg", "name": "Pixel Gun 3D", "value": 2691165}, {"image": "http://is2.mzstatic.com/image/thumb/Purple49/v4/f1/a9/da/f1a9daec-5e38-f62a-ccc6-6171fb711b58/source/100x100bb.jpg", "name": "Family Guy: The Quest for Stuff", "value": 2641212}, {"image": "http://is4.mzstatic.com/image/thumb/Purple69/v4/02/e5/50/02e550d3-6275-99fb-6dfb-0e1843d9628b/source/100x100bb.jpg", "name": "Invasion: Modern Empire", "value": 2590129}, {"image": "http://is3.mzstatic.com/image/thumb/Purple4/v4/86/11/5b/86115bb2-18c7-e4dd-7e45-3f3eb016b79e/source/100x100bb.jpg", "name": "Empire: Four Kingdoms - middle age MMO", "value": 2577458}, {"image": "http://is4.mzstatic.com/image/thumb/Purple7/v4/f0/2a/f4/f02af449-3f14-0ccd-4e6c-bde9e52c5f67/source/100x100bb.jpg", "name": "Cradle of Empires", "value": 2538196}, {"image": "http://is5.mzstatic.com/image/thumb/Purple69/v4/ac/2a/92/ac2a92f5-4ae0-191d-f9bd-37c2320ae168/source/100x100bb.jpg", "name": "FIFA 16 Ultimate Team\u2122", "value": 2510167}, {"image": "http://is5.mzstatic.com/image/thumb/Purple69/v4/c3/e2/88/c3e28855-eaa1-d0f6-d603-d8338847f870/source/100x100bb.jpg", "name": "Need for Speed\u2122 No Limits", "value": 2410512}, {"image": "http://is1.mzstatic.com/image/thumb/Purple7/v4/c6/8e/54/c68e5497-01f7-08b1-ac7b-3bca29fb032e/source/100x100bb.jpg", "name": "Fallout Shelter", "value": 2378399}, {"image": "http://is4.mzstatic.com/image/thumb/Purple7/v4/0d/ba/0b/0dba0b62-9ceb-dffb-d6af-9203096cce40/source/100x100bb.jpg", "name": "Paradise Bay", "value": 2358250}, {"image": "http://is1.mzstatic.com/image/thumb/Purple69/v4/54/3a/36/543a36c6-aec2-8198-973b-8018c0685280/source/100x100bb.jpg", "name": "Covet Fashion \u2013 The Game for Dresses, Hairstyles and Shopping", "value": 2352092}, {"image": "http://is4.mzstatic.com/image/thumb/Purple2/v4/9a/f6/99/9af69986-69c5-51ce-0f98-7e6bdcbe300c/source/100x100bb.jpg", "name": "The Walking Dead: Road to Survival", "value": 2338880}, {"image": "http://is5.mzstatic.com/image/thumb/Purple49/v4/63/9d/b1/639db1d0-43e7-ed19-e044-2b111e22d345/source/100x100bb.jpg", "name": "BINGO Blitz - FREE Bingo + Slots", "value": 2303986}, {"image": "http://is4.mzstatic.com/image/thumb/Purple69/v4/66/19/47/661947ac-c684-d8b0-d6ec-9af8fb04dbc1/source/100x100bb.jpg", "name": "Bingo Bash\u2122 HD - with Wheel of Fortune \u00ae Bingo and Slots games FREE!", "value": 2187333}, {"image": "http://is5.mzstatic.com/image/thumb/Purple69/v4/aa/9a/0d/aa9a0d21-e61b-62f9-5f88-18d4fb0789bb/source/100x100bb.jpg", "name": "Subway Surfers", "value": 2078948}, {"image": "http://is4.mzstatic.com/image/thumb/Purple69/v4/8d/cb/35/8dcb3567-07d1-ae5e-6bd8-08518fc709c6/source/100x100bb.jpg", "name": "Slotomania Casino \u2013 Las Vegas Free Slot Machine Games \u2013 bet, spin & Win big", "value": 2050055}, {"image": "http://is1.mzstatic.com/image/thumb/Purple69/v4/10/aa/95/10aa950f-a491-be57-0d0d-23a1dd279bd5/source/100x100bb.jpg", "name": "Castle Clash: Age of Legends", "value": 2005029}, {"image": "http://is3.mzstatic.com/image/thumb/Purple69/v4/dd/b7/20/ddb7208f-affb-294e-e3c8-b2a4b175007d/source/100x100bb.jpg", "name": "Monster Legends Mobile - Breed, Build and Battle Game", "value": 1982650}, {"image": "http://is1.mzstatic.com/image/thumb/Purple69/v4/c7/bf/0d/c7bf0d34-5b64-eebd-20a7-cad4e904b6c8/source/100x100bb.jpg", "name": "Empires & Allies", "value": 1981453}, {"image": "http://is4.mzstatic.com/image/thumb/Purple69/v4/a3/03/bb/a303bb09-3106-7bbd-9d03-80ed071802eb/source/100x100bb.jpg", "name": "Star Wars: Commander - Worlds in Conflict", "value": 1946332}, {"image": "http://is2.mzstatic.com/image/thumb/Purple7/v4/26/ec/6b/26ec6ba8-8dac-b5b5-5562-44dae3ced732/source/100x100bb.jpg", "name": "FarmVille 2: Country Escape", "value": 1850620}, {"image": "http://is3.mzstatic.com/image/thumb/Purple49/v4/a7/15/ed/a715ed9f-f6d5-87bc-d9a4-cb4650569063/source/100x100bb.jpg", "name": "Candy Blast Mania", "value": 1848131}, {"image": "http://is5.mzstatic.com/image/thumb/Purple5/v4/0f/a3/73/0fa373b3-d04e-43bf-7637-f458f0854009/source/100x100bb.jpg", "name": "My Singing Monsters", "value": 1837382}, {"image": "http://is2.mzstatic.com/image/thumb/Purple7/v4/8d/6b/89/8d6b8980-6d15-ac58-7486-d6a1f45f28fa/source/100x100bb.jpg", "name": "The Sims 3", "value": 1828445}, {"image": "http://is2.mzstatic.com/image/thumb/Purple49/v4/8a/6b/91/8a6b9148-45b1-faa5-7461-e46883f99b71/source/100x100bb.jpg", "name": "Juice Jam", "value": 1826341}, {"image": "http://is4.mzstatic.com/image/thumb/Purple5/v4/94/6a/18/946a1878-09ad-50ed-b3c0-cecc12b9339f/source/100x100bb.jpg", "name": "CSR Racing", "value": 1811719}, {"image": "http://is4.mzstatic.com/image/thumb/Purple49/v4/e1/2a/a2/e12aa26c-186c-bd81-8333-fb95d782b9d8/source/100x100bb.jpg", "name": "Agar.io", "value": 1767661}, {"image": "http://is4.mzstatic.com/image/thumb/Purple49/v4/65/1e/be/651ebe36-61c9-9e64-e13e-0cc0f94676f6/source/100x100bb.jpg", "name": "DomiNations", "value": 1759292}, {"image": "http://is4.mzstatic.com/image/thumb/Purple69/v4/69/30/d5/6930d5e1-3462-b46c-8c49-f2effd6a9333/source/100x100bb.jpg", "name": "MORTAL KOMBAT X", "value": 1729833}, {"image": "http://is2.mzstatic.com/image/thumb/Purple49/v4/c6/cf/81/c6cf81d1-f7c8-b98f-1dae-b781a2e6b792/source/100x100bb.jpg", "name": "ROBLOX Mobile", "value": 1702544}, {"image": "http://is3.mzstatic.com/image/thumb/Purple69/v4/5d/b9/49/5db94941-164a-8d16-8419-eb3415868a1f/source/100x100bb.jpg", "name": "World Series of Poker - WSOP Texas Holdem Free Casino", "value": 1630220}, {"image": "http://is5.mzstatic.com/image/thumb/Purple69/v4/fe/f9/a5/fef9a5d5-74eb-cc71-3190-b3e211770e99/source/100x100bb.jpg", "name": "Football Manager Touch 2016", "value": 1598800}, {"image": "http://is5.mzstatic.com/image/thumb/Purple69/v4/53/21/3b/53213baf-bd1f-e1aa-6e1b-ada56a5ef193/source/100x100bb.jpg", "name": "Wizard of Oz Free Slots Vegas Casino", "value": 1575251}, {"image": "http://is3.mzstatic.com/image/thumb/Purple49/v4/44/96/f7/4496f7d9-580f-f045-bdaf-bc0386cbeb73/source/100x100bb.jpg", "name": "World of Tanks Blitz", "value": 1555716}, {"image": "http://is5.mzstatic.com/image/thumb/Purple69/v4/ff/d5/50/ffd5508a-097b-24ad-72ef-af81d21960b4/source/100x100bb.jpg", "name": "War Dragons", "value": 1552635}, {"image": "http://is1.mzstatic.com/image/thumb/Purple7/v4/69/83/0b/69830b6d-ec5a-9d90-4b3a-992a0ffc602b/source/100x100bb.jpg", "name": "Jelly Splash", "value": 1515723}, {"image": "http://is1.mzstatic.com/image/thumb/Purple49/v4/4c/2c/f4/4c2cf45b-0902-056e-6878-fd7507dfc8af/source/100x100bb.jpg", "name": "Kill Shot Bravo", "value": 1469772}, {"image": "http://is3.mzstatic.com/image/thumb/Purple69/v4/34/63/44/3463445a-cde1-4a51-05bb-c7813a32d9a7/source/100x100bb.jpg", "name": "DragonVale", "value": 1462457}, {"image": "http://is5.mzstatic.com/image/thumb/Purple69/v4/a3/3a/87/a33a87fa-23e0-5a6c-745a-b1897417a59b/source/100x100bb.jpg", "name": "DRAGON BALL Z DOKKAN BATTLE", "value": 1428193}, {"image": "http://is5.mzstatic.com/image/thumb/Purple7/v4/61/97/5a/61975a95-e635-78cf-9bc2-90521905be5c/source/100x100bb.jpg", "name": "MADDEN NFL Mobile", "value": 1388119}, {"image": "http://is2.mzstatic.com/image/thumb/Purple49/v4/ba/5c/1c/ba5c1c80-ffa0-1a3b-9bd1-fda19a9ce4b4/source/100x100bb.jpg", "name": "Pyramid Solitaire Saga", "value": 1360309}, {"image": "http://is2.mzstatic.com/image/thumb/Purple69/v4/e3/c8/68/e3c868a1-a202-5341-7d2c-3f57a3e0169d/source/100x100bb.jpg", "name": "Anime Warriors - Guardians of Manga World", "value": 1356654}, {"image": "http://is3.mzstatic.com/image/thumb/Purple2/v4/35/00/ae/3500ae78-c697-509a-1491-2d3bb601d621/source/100x100bb.jpg", "name": "Angry Birds POP! - Bubble Shooter", "value": 1351323}, {"image": "http://is1.mzstatic.com/image/thumb/Purple49/v4/8d/80/98/8d809884-284c-5566-5a57-b34ca62d5014/source/100x100bb.jpg", "name": "Traffic Rider", "value": 1302016}, {"image": "http://is3.mzstatic.com/image/thumb/Purple49/v4/a7/86/0e/a7860ef3-f2bc-398d-2a89-6bf84cb452a6/source/100x100bb.jpg", "name": "Pearl's Peril", "value": 1277219}, {"image": "http://is5.mzstatic.com/image/thumb/Purple4/v4/58/a7/f1/58a7f151-d4db-7c14-fff5-f6d4e9196ef3/source/100x100bb.jpg", "name": "Despicable Me: Minion Rush", "value": 1276218}, {"image": "http://is2.mzstatic.com/image/thumb/Purple69/v4/38/80/e3/3880e3d0-bbfb-8e08-8265-bf6a5415b88e/source/100x100bb.jpg", "name": "Bike Race Free by Top Free Games", "value": 1260096}, {"image": "http://is2.mzstatic.com/image/thumb/Purple7/v4/79/27/e9/7927e910-297e-c3cf-3854-cc4acd053e76/source/100x100bb.jpg", "name": "Frozen Free Fall", "value": 1240999}, {"image": "http://is3.mzstatic.com/image/thumb/Purple49/v4/63/2d/80/632d80af-fb65-9733-f5d3-2aeb94e4b440/source/100x100bb.jpg", "name": "Best Fiends", "value": 1239851}, {"image": "http://is5.mzstatic.com/image/thumb/Purple3/v4/0d/73/3b/0d733b64-eab9-c0be-e3ac-7b12641e8208/source/100x100bb.jpg", "name": "Grand Theft Auto: San Andreas", "value": 1194754}, {"image": "http://is3.mzstatic.com/image/thumb/Purple49/v4/0b/01/2b/0b012b2c-3501-2d76-38a6-46c0aed18aa2/source/100x100bb.jpg", "name": "Dungeon Boss", "value": 1183586}, {"image": "http://is1.mzstatic.com/image/thumb/Purple69/v4/46/48/d1/4648d1d2-4f7c-b83b-f21e-c40095612842/source/100x100bb.jpg", "name": "Scribblenauts Unlimited", "value": 1169685}, {"image": "http://is5.mzstatic.com/image/thumb/Purple1/v4/e3/dc/fa/e3dcfa94-ec03-8ead-83dc-c1d9b8fdbf46/source/100x100bb.jpg", "name": "Zynga Poker Classic \u2013 Texas Holdem", "value": 1165364}, {"image": "http://is3.mzstatic.com/image/thumb/Purple7/v4/57/67/3f/57673fa8-6b3c-754a-4485-b1f5c9af497c/source/100x100bb.jpg", "name": "Hungry Shark Evolution", "value": 1135152}, {"image": "http://is2.mzstatic.com/image/thumb/Purple69/v4/fc/ea/3d/fcea3db2-8d18-857c-2475-5f845c85fd9b/source/100x100bb.jpg", "name": "The Secret Society\u00ae - Hidden Mystery", "value": 1121300}, {"image": "http://is2.mzstatic.com/image/thumb/Purple69/v4/78/a8/9d/78a89d07-6734-3f65-fb78-b5557782976c/source/100x100bb.jpg", "name": "Solitaire TriPeaks", "value": 1061075}, {"image": "http://is1.mzstatic.com/image/thumb/Purple49/v4/06/d0/70/06d07014-0179-d9d2-6494-1974a90deff8/source/100x100bb.jpg", "name": "Piano Tiles 2 (Don't Tap The White Tile 2)", "value": 1040929}, {"image": "http://is2.mzstatic.com/image/thumb/Purple5/v4/e5/f8/46/e5f84697-e006-3440-3de0-693465960322/source/100x100bb.jpg", "name": "Sunken Secrets", "value": 1031231}, {"image": "http://is4.mzstatic.com/image/thumb/Purple49/v4/fa/ec/46/faec46fd-893f-e282-fa12-7a6863ee7a7a/source/100x100bb.jpg", "name": "Diamond Digger Saga", "value": 1005348}, {"image": "http://is5.mzstatic.com/image/thumb/Purple4/v4/fa/9d/0e/fa9d0e50-ad79-2bc9-864a-fd8ddca6c831/source/100x100bb.jpg", "name": "Family Farm Seaside - Play Farming & Harvest Game Online Free", "value": 986507}, {"image": "http://is1.mzstatic.com/image/thumb/Purple69/v4/08/d0/59/08d05901-780b-6871-7f15-d6ec5f63b2f9/source/100x100bb.jpg", "name": "Angry Birds 2", "value": 971346}, {"image": "http://is1.mzstatic.com/image/thumb/Purple2/v4/5a/2f/69/5a2f6914-dc9d-6d88-5cce-b22053b2e7e5/source/100x100bb.jpg", "name": "Bloons TD Battles", "value": 969279}, {"image": "http://is2.mzstatic.com/image/thumb/Purple69/v4/b9/2f/24/b92f2444-4264-c637-bdac-593b438c5ca1/source/100x100bb.jpg", "name": "Bejeweled Blitz", "value": 951680}, {"image": "http://is5.mzstatic.com/image/thumb/Purple49/v4/23/fa/4d/23fa4d9d-fa1f-4978-e96d-2b802b752914/source/100x100bb.jpg", "name": "Charm King\u2122", "value": 947435}, {"image": "http://is4.mzstatic.com/image/thumb/Purple5/v4/96/19/9b/96199b13-1b4a-8016-69a9-62ccc7fc5690/source/100x100bb.jpg", "name": "Neo Monsters", "value": 942600}, {"image": "http://is2.mzstatic.com/image/thumb/Purple69/v4/b7/e4/e3/b7e4e3a7-d3ef-0fb6-8edc-42e78ec56518/source/100x100bb.jpg", "name": "Heads Up!", "value": 937204}, {"image": "http://is1.mzstatic.com/image/thumb/Purple49/v4/95/cf/68/95cf6889-37f1-003d-340f-80d668699763/source/100x100bb.jpg", "name": "Sugar Smash: Book of Life - Sweetest Free Match 3", "value": 920178}, {"image": "http://is1.mzstatic.com/image/thumb/Purple49/v4/b7/8d/26/b78d2619-cb79-86c6-6780-b1cfa7a3bc11/source/100x100bb.jpg", "name": "Injustice: Gods Among Us", "value": 916438}, {"image": "http://is1.mzstatic.com/image/thumb/Purple69/v4/12/ed/12/12ed12d9-7801-23ee-f109-1d2c4302baa9/source/100x100bb.jpg", "name": "Magic Jigsaw Puzzles", "value": 908640}, {"image": "http://is5.mzstatic.com/image/thumb/Purple69/v4/04/2a/b5/042ab5e6-4594-05b1-19e8-d4b41c6d65b8/source/100x100bb.jpg", "name": "Sniper 3D Assassin: Shoot to Kill - by Fun Games For Free", "value": 904464}, {"image": "http://is3.mzstatic.com/image/thumb/Purple69/v4/dc/fa/18/dcfa1855-85e4-0cc8-b6bb-f26389924d50/source/100x100bb.jpg", "name": "Toy Blast", "value": 886246}, {"image": "http://is1.mzstatic.com/image/thumb/Purple4/v4/7a/87/7c/7a877c7e-6e7a-ef10-52b0-92724214bb4e/source/100x100bb.jpg", "name": "Shards of Magic", "value": 885963}, {"image": "http://is1.mzstatic.com/image/thumb/Purple69/v4/32/c7/f5/32c7f532-a102-ebff-b02c-2cbe5100b58e/source/100x100bb.jpg", "name": "Bowling King", "value": 882526}, {"image": "http://is2.mzstatic.com/image/thumb/Purple69/v4/b5/f5/89/b5f5891c-fdbd-d5e8-a094-35253398c2db/source/100x100bb.jpg", "name": "Dragon Mania Legends", "value": 881997}, {"image": "http://is3.mzstatic.com/image/thumb/Purple49/v4/f4/03/40/f40340fa-a551-34c3-b2ea-1f5c250920af/source/100x100bb.jpg", "name": "Asphalt 8: Airborne", "value": 876179}, {"image": "http://is5.mzstatic.com/image/thumb/Purple69/v4/9a/f8/42/9af84222-dc72-4e12-5349-2e28a9e12cb0/source/100x100bb.jpg", "name": "DoubleDown Casino - Free Slots, Video Poker, Blackjack, and More", "value": 872161}, {"image": "http://is1.mzstatic.com/image/thumb/Purple7/v4/59/8b/7e/598b7e8b-8e52-482f-d64e-d15ac3fd2bcc/source/100x100bb.jpg", "name": "Terraria", "value": 861331}, {"image": "http://is4.mzstatic.com/image/thumb/Purple7/v4/16/26/60/16266085-aad4-a8d5-8e15-f31e1a974e88/source/100x100bb.jpg", "name": "Grand Theft Auto: Liberty City Stories", "value": 846887}, {"image": "http://is2.mzstatic.com/image/thumb/Purple69/v4/09/d7/86/09d786ae-5202-a225-359f-3b873e5737d1/source/100x100bb.jpg", "name": "Farming Simulator 16", "value": 813981}, {"image": "http://is3.mzstatic.com/image/thumb/Purple69/v4/9f/44/66/9f4466e3-172c-3438-987c-31b85d2f658b/source/100x100bb.jpg", "name": "Hollywood Story", "value": 803489}, {"image": "http://is3.mzstatic.com/image/thumb/Purple69/v4/77/f6/91/77f691eb-b2ee-4747-0fb3-be98822625e4/source/100x100bb.jpg", "name": "ONE PIECE TREASURE CRUISE", "value": 800801}, {"image": "http://is3.mzstatic.com/image/thumb/Purple69/v4/79/cd/f5/79cdf52a-355c-756d-eb59-098072a8286a/source/100x100bb.jpg", "name": "Forge of Empires", "value": 796973}, {"image": "http://is1.mzstatic.com/image/thumb/Purple49/v4/ee/64/ad/ee64adec-04df-2999-1d58-8f4601d01ba4/source/100x100bb.jpg", "name": "YAHTZEE\u00ae With Buddies", "value": 792172}, {"image": "http://is1.mzstatic.com/image/thumb/Purple69/v4/c3/ad/a5/c3ada542-bf7e-9ba9-0b5b-48e16eef5c25/source/100x100bb.jpg", "name": "The Hobbit: Kingdoms of Middle-earth", "value": 788307}, {"image": "http://is1.mzstatic.com/image/thumb/Purple69/v4/28/11/41/2811414d-f95c-57bd-34d4-a3eb58eac806/source/100x100bb.jpg", "name": "Football Chairman Pro", "value": 749735}, {"image": "http://is2.mzstatic.com/image/thumb/Purple69/v4/26/7f/bb/267fbb5a-b28f-fcdd-f19c-e5aa9e4b9fe7/source/100x100bb.jpg", "name": "Neko Atsume: Kitty Collector", "value": 749024}, {"image": "http://is2.mzstatic.com/image/thumb/Purple6/v4/ea/26/e2/ea26e22f-0fc7-19cb-f464-78e180d180b7/source/100x100bb.jpg", "name": "Geometry Dash", "value": 746965}, {"image": "http://is3.mzstatic.com/image/thumb/Purple49/v4/a0/4e/18/a04e18af-7070-a7e0-5082-af46510a3607/source/100x100bb.jpg", "name": "Slots - myVEGAS Free Las Vegas Casino & New Chips Bonus", "value": 731826}, {"image": "http://is4.mzstatic.com/image/thumb/Purple49/v4/dd/32/34/dd323404-537c-861b-44ea-8d687d008d05/source/100x100bb.jpg", "name": "Cooking Dash 2016", "value": 731075}, {"image": "http://is1.mzstatic.com/image/thumb/Purple49/v4/7a/f8/10/7af810fc-e450-e09c-96f0-781bd8a26c43/source/100x100bb.jpg", "name": "Monster Busters: Match 3 Puzzle", "value": 728188}, {"image": "http://is3.mzstatic.com/image/thumb/Purple69/v4/30/0f/93/300f9359-e967-1f5d-b852-aedf717e2b3a/source/100x100bb.jpg", "name": "Bingo Bash\u2122 featuring Wheel of Fortune\u00ae Bingo and more!", "value": 724830}, {"image": "http://is2.mzstatic.com/image/thumb/Purple7/v4/78/a4/60/78a4605f-cde7-e5be-b90c-655f0511ac6a/source/100x100bb.jpg", "name": "Jigsaw Puzzle", "value": 704905}, {"image": "http://is5.mzstatic.com/image/thumb/Purple69/v4/b2/97/7a/b2977adf-dfce-d007-4cd5-6fcc038e604d/source/100x100bb.jpg", "name": "Underworld Empire", "value": 702132}, {"image": "http://is1.mzstatic.com/image/thumb/Purple4/v4/02/4f/21/024f21b3-b870-c401-cd1b-0f7a97427c51/source/100x100bb.jpg", "name": "Mahjong Journey\u00ae", "value": 688067}, {"image": "http://is5.mzstatic.com/image/thumb/Purple49/v4/c4/eb/89/c4eb896d-479b-a936-09d2-7d618853737a/source/100x100bb.jpg", "name": "Taichi Panda", "value": 684517}, {"image": "http://is3.mzstatic.com/image/thumb/Purple69/v4/6e/6f/5b/6e6f5b75-d35f-966b-c2c0-61bf19b18b30/source/100x100bb.jpg", "name": "Midnight Castle \u2013 A Free Hidden Object Mystery Game! Find objects and solve puzzles!", "value": 679728}, {"image": "http://is4.mzstatic.com/image/thumb/Purple69/v4/85/15/47/851547ad-b62d-d1fe-cd98-c79e12946149/source/100x100bb.jpg", "name": "Inside Out Thought Bubbles", "value": 660259}, {"image": "http://is4.mzstatic.com/image/thumb/Purple49/v4/04/af/36/04af364a-d588-905b-8ef0-b1a77dc28e43/source/100x100bb.jpg", "name": "Bloons TD 5", "value": 637167}, {"image": "http://is5.mzstatic.com/image/thumb/Purple3/v4/db/cb/51/dbcb51fa-952d-1d27-8f2d-0ac5ab3a6ef6/source/100x100bb.jpg", "name": "Legend of the Cryptids", "value": 631385}, {"image": "http://is1.mzstatic.com/image/thumb/Purple69/v4/d7/57/f6/d757f6e6-afce-6902-53c6-c2d2ecfa019a/source/100x100bb.jpg", "name": "Zynga Poker - Texas Holdem HD", "value": 620878}, {"image": "http://is1.mzstatic.com/image/thumb/Purple69/v4/d9/3a/ed/d93aedb3-5038-a540-ba41-f91d43073716/source/100x100bb.jpg", "name": "League of Angels - Fire Raiders", "value": 620253}, {"image": "http://is5.mzstatic.com/image/thumb/Purple49/v4/e7/da/17/e7da1773-61bd-0699-db62-237b9e9f0168/source/100x100bb.jpg", "name": "Growtopia", "value": 617049}, {"image": "http://is1.mzstatic.com/image/thumb/Purple69/v4/7c/36/04/7c3604c5-85ef-0b12-8395-232a1d744211/source/100x100bb.jpg", "name": "Marvel Puzzle Quest", "value": 608939}, {"image": "http://is4.mzstatic.com/image/thumb/Purple69/v4/12/b9/66/12b966de-9fc2-a3d1-5f43-abd817abd321/source/100x100bb.jpg", "name": "Knights & Dragons: Epic Fantasy Role Playing Game with Monsters, Heroes & PvP Action", "value": 602464}, {"image": "http://is2.mzstatic.com/image/thumb/Purple49/v4/a2/82/4f/a2824f2f-81f7-d65d-51e5-60b3dc3d6b61/source/100x100bb.jpg", "name": "Slotomania HD Casino \u2013 Las Vegas Free Slot Machine Games \u2013 bet, spin & Win big", "value": 596084}, {"image": "http://is4.mzstatic.com/image/thumb/Purple69/v4/3a/d8/80/3ad8808e-6bba-3415-b436-17062e32ac81/source/100x100bb.jpg", "name": "Angry Birds Friends", "value": 592183}, {"image": "http://is1.mzstatic.com/image/thumb/Purple69/v4/0b/c0/1e/0bc01e8d-1845-dbdd-ae30-86f7b89f9114/source/100x100bb.jpg", "name": "War Ages - Legend of Kings", "value": 579285}, {"image": "http://is5.mzstatic.com/image/thumb/Purple3/v4/e5/08/42/e5084254-5454-2da5-fb83-b9e3c223c959/source/100x100bb.jpg", "name": "LEGO\u00ae Star Wars\u2122:  The Complete Saga", "value": 575793}, {"image": "http://is4.mzstatic.com/image/thumb/Purple69/v4/ba/c7/ad/bac7ad66-ec89-ae43-f9d1-f567e3851c4d/source/100x100bb.jpg", "name": "STAR WARS\u2122: FORCE COLLECTION", "value": 535453}, {"image": "http://is3.mzstatic.com/image/thumb/Purple69/v4/97/8e/98/978e9845-f96c-5dcc-42d5-95a7373e348d/source/100x100bb.jpg", "name": "Plants vs. Zombies\u2122 2", "value": 534474}, {"image": "http://is3.mzstatic.com/image/thumb/Purple49/v4/09/df/8c/09df8c11-f7b2-6631-9bee-f940bdb48331/source/100x100bb.jpg", "name": "Star Chef", "value": 533814}, {"image": "http://is3.mzstatic.com/image/thumb/Purple7/v4/2b/a1/fd/2ba1fd96-e9ed-d0e1-55b8-1e83cdb2b854/source/100x100bb.jpg", "name": "Crossy Road - Endless Arcade Hopper", "value": 526128}, {"image": "http://is4.mzstatic.com/image/thumb/Purple49/v4/8b/6b/ab/8b6bab7b-7ad8-88ae-12d8-32a7340e1cfb/source/100x100bb.jpg", "name": "Cascade", "value": 517616}, {"image": "http://is5.mzstatic.com/image/thumb/Purple69/v4/d9/5b/f7/d95bf7c8-6562-8e14-3d78-e2188fddabe4/source/100x100bb.jpg", "name": "Hill Climb Racing", "value": 507116}, {"image": "http://is1.mzstatic.com/image/thumb/Purple69/v4/f9/e9/9f/f9e99fe9-8f86-75b8-8bf0-1171dffc1b76/source/100x100bb.jpg", "name": "Fairway Solitaire", "value": 498095}, {"image": "http://is4.mzstatic.com/image/thumb/Purple69/v4/f4/dc/b8/f4dcb81e-1f12-39b1-c48f-530a701440e1/source/100x100bb.jpg", "name": "\u0627\u0646\u062a\u0642\u0627\u0645 \u0627\u0644\u0633\u0644\u0627\u0637\u064a\u0646", "value": 493541}, {"image": "http://is3.mzstatic.com/image/thumb/Purple69/v4/85/80/3e/85803e0c-033f-84c6-352e-cbf4f6d2768c/source/100x100bb.jpg", "name": "WGT : World Golf Tour Mobile Game", "value": 493428}, {"image": "http://is5.mzstatic.com/image/thumb/Purple69/v4/b7/ce/03/b7ce0379-e0fd-2477-766b-8c0413ef6c68/source/100x100bb.jpg", "name": "WordUp - Word brain puzzles game", "value": 490596}, {"image": "http://is1.mzstatic.com/image/thumb/Purple49/v4/d3/36/c1/d336c1a7-9d4e-4e60-d0f1-35526db60ab8/source/100x100bb.jpg", "name": "Caesars Slots HD \u2013 Las Vegas Casino Slot Machines For Fun!", "value": 485477}, {"image": "http://is4.mzstatic.com/image/thumb/Purple2/v4/22/b9/af/22b9af61-7070-998d-2cca-8ddcac4cef86/source/100x100bb.jpg", "name": "The Walking Dead: No Man's Land", "value": 479790}, {"image": "http://is2.mzstatic.com/image/thumb/Purple69/v4/f9/a8/03/f9a80321-e206-5290-f537-367d021feb67/source/100x100bb.jpg", "name": "CSR Classics", "value": 475581}, {"image": "http://is2.mzstatic.com/image/thumb/Purple69/v4/e9/da/24/e9da2460-9ad2-8e3e-593f-5f88f1ef42d7/source/100x100bb.jpg", "name": "DragonSoul RPG", "value": 474673}, {"image": "http://is2.mzstatic.com/image/thumb/Purple2/v4/c9/4c/3b/c94c3b8c-5ecf-fac8-a975-91444aeb9df1/source/100x100bb.jpg", "name": "Empire Z", "value": 473454}, {"image": "http://is4.mzstatic.com/image/thumb/Purple5/v4/8f/e4/68/8fe468fa-3c87-4535-828f-4b76f361d04c/source/100x100bb.jpg", "name": "Megapolis", "value": 466842}, {"image": "http://is3.mzstatic.com/image/thumb/Purple2/v4/30/40/a8/3040a834-419b-910f-78f9-c47a0ff2ddf1/source/100x100bb.jpg", "name": "Mystery Trackers: Nightsville Horror HD - A Hidden Object Adventure (Full)", "value": 457703}, {"image": "http://is4.mzstatic.com/image/thumb/Purple69/v4/96/bc/f8/96bcf8fb-132d-4faf-2290-339464cfdea9/source/100x100bb.jpg", "name": "Case Clicker", "value": 456441}, {"image": "http://is5.mzstatic.com/image/thumb/Purple7/v4/85/72/b3/8572b398-59a9-69b1-4998-781184e27ee8/source/100x100bb.jpg", "name": "Kingdoms at War", "value": 432110}, {"image": "http://is2.mzstatic.com/image/thumb/Purple49/v4/2d/29/6e/2d296e72-cfcb-ceb3-2afc-886f32537b87/source/100x100bb.jpg", "name": "Rival Kingdoms: Age of Ruin", "value": 429936}, {"image": "http://is2.mzstatic.com/image/thumb/Purple69/v4/50/e3/16/50e3168e-b8b5-c0e0-e3c9-7727e14adf9b/source/100x100bb.jpg", "name": "Two Dots", "value": 415037}, {"image": "http://is2.mzstatic.com/image/thumb/Purple69/v4/74/b3/af/74b3af5b-d280-16eb-f320-526a6995b7dc/source/100x100bb.jpg", "name": "Goat Simulator", "value": 399453}, {"image": "http://is1.mzstatic.com/image/thumb/Purple69/v4/90/95/84/90958415-988f-6712-7175-0724cb24876a/source/100x100bb.jpg", "name": "Fairway Solitaire Blast", "value": 397596}, {"image": "http://is4.mzstatic.com/image/thumb/Purple5/v4/fa/7c/19/fa7c19c2-4b9e-2e61-a34b-7ccb050502f6/source/100x100bb.jpg", "name": "FarmVille: Harvest Swap", "value": 392376}, {"image": "http://is5.mzstatic.com/image/thumb/Purple2/v4/76/07/39/76073950-7ed4-38d8-dc5f-f7a567231d9d/source/100x100bb.jpg", "name": "PES CLUB MANAGER", "value": 381851}, {"image": "http://is2.mzstatic.com/image/thumb/Purple4/v4/a7/76/10/a7761027-14b3-7f1a-ad48-5d314367a58c/source/100x100bb.jpg", "name": "Draw a Stickman: EPIC 2", "value": 381806}, {"image": "http://is5.mzstatic.com/image/thumb/Purple69/v4/a6/58/09/a6580922-084e-134c-d455-c284096f7e9e/source/100x100bb.jpg", "name": "My Talking Angela", "value": 372649}, {"image": "http://is1.mzstatic.com/image/thumb/Purple4/v4/6f/d6/cd/6fd6cdc9-bf21-7ed7-187c-a48264fcf7f2/source/100x100bb.jpg", "name": "MONOPOLY for iPad", "value": 371984}, {"image": "http://is3.mzstatic.com/image/thumb/Purple69/v4/52/67/67/52676765-4d8b-17de-9a77-189b61389dd0/source/100x100bb.jpg", "name": "Champ Man 16", "value": 367480}, {"image": "http://is3.mzstatic.com/image/thumb/Purple7/v4/ca/3c/1e/ca3c1e63-f99c-5a8d-82d5-725328ebc91e/source/100x100bb.jpg", "name": "Iron Force", "value": 361602}, {"image": "http://is3.mzstatic.com/image/thumb/Purple49/v4/88/c3/38/88c338ab-2edf-0614-b245-759b4e408738/source/100x100bb.jpg", "name": "Phantasmat: The Endless Night HD - A Mystery Hidden Object Game (Full)", "value": 354095}, {"image": "http://is3.mzstatic.com/image/thumb/Purple69/v4/bf/80/72/bf80728f-c84b-2ee8-713e-ec7074295195/source/100x100bb.jpg", "name": "Papa Pear Saga", "value": 341187}, {"image": "http://is2.mzstatic.com/image/thumb/Purple49/v4/7d/ef/44/7def4472-0aab-abd2-4b8d-cfd705726dcc/source/100x100bb.jpg", "name": "Peppa Pig: Seasons - Autumn and Winter", "value": 340713}, {"image": "http://is1.mzstatic.com/image/thumb/Purple49/v4/57/e5/42/57e54287-db52-db96-fd23-87bc361dd562/source/100x100bb.jpg", "name": "Magic Rush: Heroes", "value": 335080}, {"image": "http://is4.mzstatic.com/image/thumb/Purple69/v4/bc/8c/c5/bc8cc588-3f82-ad25-28f7-4684459acd91/source/100x100bb.jpg", "name": "Weed Firm: RePlanted", "value": 320577}, {"image": "http://is4.mzstatic.com/image/thumb/Purple69/v4/9c/a4/1e/9ca41eb9-be47-8e0b-0b70-c131ae18d722/source/100x100bb.jpg", "name": "The Room Three", "value": 307076}, {"image": "http://is3.mzstatic.com/image/thumb/Purple49/v4/56/c8/09/56c8096e-6ae3-898f-6c3f-a0843cbeadba/source/100x100bb.jpg", "name": "\u5927\u8bdd\u897f\u6e38-\u8de8\u670dPK \u51b3\u6218\u957f\u5b89", "value": 305888}, {"image": "http://is2.mzstatic.com/image/thumb/Purple49/v4/0d/c2/d7/0dc2d73e-d608-6ea5-5a92-dba35a39aabf/source/100x100bb.jpg", "name": "School of Dragons: How to Train Your Dragon", "value": 297931}, {"image": "http://is5.mzstatic.com/image/thumb/Purple5/v4/a4/d5/0a/a4d50afb-722c-5dc5-b6b8-ace73074dbba/source/100x100bb.jpg", "name": "New Star Soccer", "value": 296917}, {"image": "http://is2.mzstatic.com/image/thumb/Purple3/v4/98/d1/76/98d176b4-fe92-23b9-e29e-b39d88f0a1b5/source/100x100bb.jpg", "name": "Wally & Friends", "value": 292650}, {"image": "http://is4.mzstatic.com/image/thumb/Purple2/v4/95/88/b6/9588b694-9b47-8d08-5bbf-d53e2b5f6079/source/100x100bb.jpg", "name": "War of Thrones - Dragon Clans Castle City & Nations Clash Battle", "value": 292168}, {"image": "http://is1.mzstatic.com/image/thumb/Purple69/v4/f0/79/c1/f079c189-f599-be0b-31b8-7c7037c9686f/source/100x100bb.jpg", "name": "Hit it Rich! Free Casino Slots", "value": 290166}, {"image": "http://is4.mzstatic.com/image/thumb/Purple7/v4/99/97/26/99972618-4130-274a-4640-d7c107b6c4b0/source/100x100bb.jpg", "name": "TMNT - Portal Power", "value": 289596}, {"image": "http://is3.mzstatic.com/image/thumb/Purple69/v4/ba/eb/ef/baebeffa-6106-4511-7b7f-560fd5f2af2b/source/100x100bb.jpg", "name": "Hungry Babies Mania \u2013 Cute Animal Matching Puzzle Game", "value": 289029}, {"image": "http://is1.mzstatic.com/image/thumb/Purple49/v4/de/c3/23/dec32315-aaa1-4bd4-f266-32b475351ee1/source/100x100bb.jpg", "name": "DoubleU Casino", "value": 284255}, {"image": "http://is5.mzstatic.com/image/thumb/Purple7/v4/fa/c2/9f/fac29fb5-4e20-e0ab-310f-0ee7b47a2366/source/100x100bb.jpg", "name": "High School Story", "value": 282692}, {"image": "http://is3.mzstatic.com/image/thumb/Purple7/v4/d0/4f/a0/d04fa073-51dc-9f50-d09b-6e79aeb80e94/source/100x100bb.jpg", "name": "Jurassic Park\u2122 Builder", "value": 275708}, {"image": "http://is4.mzstatic.com/image/thumb/Purple49/v4/cf/c4/15/cfc415a8-dc62-6ed2-d599-7f35af18d75f/source/100x100bb.jpg", "name": "Hollywood U: Rising Stars", "value": 272276}, {"image": "http://is1.mzstatic.com/image/thumb/Purple7/v4/2c/ba/62/2cba62ef-a539-02a8-2bf1-669a70576821/source/100x100bb.jpg", "name": "Infinite Flight - Flight Simulator", "value": 267245}, {"image": "http://is3.mzstatic.com/image/thumb/Purple69/v4/15/68/95/15689528-2186-8d59-e241-b25abd44d7f8/source/100x100bb.jpg", "name": "A Little War", "value": 243750}, {"image": "http://is4.mzstatic.com/image/thumb/Purple69/v4/46/cf/50/46cf5011-30f8-b864-344c-d7a0b86bbb67/source/100x100bb.jpg", "name": "MONOPOLY Bingo!", "value": 239218}, {"image": "http://is3.mzstatic.com/image/thumb/Purple5/v4/91/f8/18/91f81864-c38e-d155-2047-9c757bc3a597/source/100x100bb.jpg", "name": "Village Life: Love, Marriage and Babies", "value": 232002}, {"image": "http://is1.mzstatic.com/image/thumb/Purple2/v4/8b/08/7f/8b087fb4-a66e-c4a9-e764-0235627a850f/source/100x100bb.jpg", "name": "Slots Free Casino House of Fun - Play Vegas Jackpot Slot Machines", "value": 229337}, {"image": "http://is1.mzstatic.com/image/thumb/Purple69/v4/de/a1/e9/dea1e95a-e650-c1b0-d829-44c28945497e/source/100x100bb.jpg", "name": "Bingo Lane HD - FREE Bingo Game", "value": 218050}, {"image": "http://is4.mzstatic.com/image/thumb/Purple2/v4/59/6d/de/596dde1a-998a-34c7-962e-77ab20cfc232/source/100x100bb.jpg", "name": "The Tribez HD - Join the fun!", "value": 213783}, {"image": "http://is2.mzstatic.com/image/thumb/Purple5/v4/5a/bb/ff/5abbff75-6fa3-1291-189e-32c042f146c5/source/100x100bb.jpg", "name": "Stormfall: Rise of Balur", "value": 205761}]}, {"name": "Music", "children": [{"image": "http://is5.mzstatic.com/image/thumb/Purple69/v4/4a/81/c1/4a81c14c-4e69-04d3-dc18-9625cf4a613b/source/100x100bb.jpg", "name": "Spotify Music", "value": 40323557}, {"image": "http://is1.mzstatic.com/image/thumb/Purple69/v4/08/88/3f/08883f98-fb63-f0ff-cf29-e4b7dadd8145/source/100x100bb.jpg", "name": "Sing! Karaoke by Smule", "value": 7808529}, {"image": "http://is1.mzstatic.com/image/thumb/Purple49/v4/7e/ad/61/7ead61d2-54ee-a9f6-4c10-300c8267e569/source/100x100bb.jpg", "name": "Magic Piano by Smule", "value": 6764607}, {"image": "http://is5.mzstatic.com/image/thumb/Purple49/v4/77/57/a6/7757a6f1-a273-396b-f43b-9a32cc6d23a4/source/100x100bb.jpg", "name": "Deezer Music", "value": 4738245}, {"image": "http://is1.mzstatic.com/image/thumb/Purple5/v4/84/94/60/849460f6-e8f4-12d8-3e3e-66a8963e3ef3/source/100x100bb.jpg", "name": "AutoRap by Smule", "value": 2093394}, {"image": "http://is5.mzstatic.com/image/thumb/Purple49/v4/6b/c2/b7/6bc2b711-1a36-96ae-7ea6-09cc5ae6f45c/source/100x100bb.jpg", "name": "TuneIn Radio - Stream Live Radio", "value": 723853}, {"image": "http://is3.mzstatic.com/image/thumb/Purple6/v4/08/87/3a/08873aae-d95e-001e-8fdf-2b5dc5e4d5c0/source/100x100bb.jpg", "name": "Ultimate Guitar Tabs HD - largest catalog of songs with guitar and ukulele chords, tabs and lyrics", "value": 460355}]}, {"name": "Lifestyle", "children": [{"image": "http://is2.mzstatic.com/image/thumb/Purple49/v4/8e/e8/00/8ee8006d-45d4-b8ce-4f01-1ffa4054bdf8/source/100x100bb.jpg", "name": "Tinder", "value": 11484743}, {"image": "http://is2.mzstatic.com/image/thumb/Purple69/v4/93/d4/8e/93d48e91-61cf-031d-b41c-aba01c04e0ea/source/100x100bb.jpg", "name": "SpareRoom", "value": 1121741}, {"image": "http://is4.mzstatic.com/image/thumb/Purple69/v4/3f/1f/4d/3f1f4d8f-fbf2-6ada-49eb-02a1cceb4872/source/100x100bb.jpg", "name": "happn", "value": 965872}]}, {"name": "Entertainment", "children": [{"image": "http://is4.mzstatic.com/image/thumb/Purple69/v4/36/62/f1/3662f140-4a66-0e2b-f690-7a995b9ddbf1/source/100x100bb.jpg", "name": "Netflix", "value": 10892144}, {"image": "http://is1.mzstatic.com/image/thumb/Purple69/v4/ca/ca/b3/cacab39c-088e-8b3c-d50d-1dc075359214/source/100x100bb.jpg", "name": "Colorfy: Coloring Book for Adults - Free", "value": 2384511}, {"image": "http://is1.mzstatic.com/image/thumb/Purple69/v4/fd/99/83/fd9983bf-0398-3861-dfe6-fa763a5c8f5c/source/100x100bb.jpg", "name": "DisneyLife", "value": 1562894}, {"image": "http://is3.mzstatic.com/image/thumb/Purple2/v4/f1/59/ff/f159ff6a-54be-353b-7539-c88376a6a650/source/100x100bb.jpg", "name": "ITV Hub", "value": 1334145}, {"image": "http://is3.mzstatic.com/image/thumb/Purple69/v4/3e/e8/81/3ee88141-9446-3b2c-1f4d-a7e5f4aa18fa/source/100x100bb.jpg", "name": "Kylie Jenner Official App", "value": 1109057}]}, {"name": "Social Networking", "children": [{"image": "http://is5.mzstatic.com/image/thumb/Purple2/v4/5b/a6/54/5ba654c4-08d5-ba69-bee3-c974aaf75652/source/100x100bb.jpg", "name": "Match.com \u2013 Download our dating app for free and meet singles", "value": 7140135}, {"image": "http://is5.mzstatic.com/image/thumb/Purple49/v4/ef/5f/c4/ef5fc4fb-497a-b477-e2ee-d8bf700b0992/source/100x100bb.jpg", "name": "Badoo - Meet New People, Chat, Socialize", "value": 6379435}, {"image": "http://is1.mzstatic.com/image/thumb/Purple49/v4/11/78/bc/1178bc83-22e9-fc78-9096-deca630a2ab3/source/100x100bb.jpg", "name": "POF - Free Dating App", "value": 5037341}, {"image": "http://is1.mzstatic.com/image/thumb/Purple49/v4/6c/40/ff/6c40ffc3-ae3e-4e76-9a59-e4d62f99164b/source/100x100bb.jpg", "name": "Skype for iPhone", "value": 4897508}, {"image": "http://is4.mzstatic.com/image/thumb/Purple2/v4/9a/92/88/9a9288e0-ba6c-97a9-0d6e-60c9fd66dcef/source/100x100bb.jpg", "name": "Zoosk - #1 Dating App", "value": 4083566}, {"image": "http://is5.mzstatic.com/image/thumb/Purple69/v4/7e/73/c2/7e73c280-20b0-7329-98c2-df106ddd5320/source/100x100bb.jpg", "name": "Grindr Xtra - Gay, same sex, bi, social network to chat and meet guys", "value": 2131717}, {"image": "http://is2.mzstatic.com/image/thumb/Purple69/v4/fd/21/eb/fd21eb29-ca1d-1aea-01a5-b8d9f831d9a4/source/100x100bb.jpg", "name": "Viber", "value": 2047020}, {"image": "http://is5.mzstatic.com/image/thumb/Purple69/v4/25/d9/81/25d9814e-de16-5bf2-00a0-c45511c1a83c/source/100x100bb.jpg", "name": "LinkedIn", "value": 1843860}, {"image": "http://is1.mzstatic.com/image/thumb/Purple69/v4/3c/ac/0e/3cac0e17-637b-18c4-6d3c-72ac71d40462/source/100x100bb.jpg", "name": "Skype for iPad", "value": 1471917}, {"image": "http://is2.mzstatic.com/image/thumb/Purple49/v4/f8/66/cb/f866cbc6-27e7-6a3a-4499-e47423d49549/source/100x100bb.jpg", "name": "YouNow: Live Stream Video Chat", "value": 878025}, {"image": "http://is4.mzstatic.com/image/thumb/Purple69/v4/ab/6b/4c/ab6b4cc1-39d6-372f-b802-af1a56e08716/source/100x100bb.jpg", "name": "LOVOO - The free chat app to meet people, flirt and find new love", "value": 829115}, {"image": "http://is3.mzstatic.com/image/thumb/Purple49/v4/71/3f/1a/713f1a31-0084-0433-22d8-04abe8c003de/source/100x100bb.jpg", "name": "eHarmony", "value": 545845}, {"image": "http://is1.mzstatic.com/image/thumb/Purple69/v4/e2/63/d7/e263d717-0042-3264-e3f3-5161cf494020/source/100x100bb.jpg", "name": "Shaadi.com", "value": 539105}, {"image": "http://is2.mzstatic.com/image/thumb/Purple69/v4/a0/01/2c/a0012c86-4f3b-a064-b140-2732cfc2f01d/source/100x100bb.jpg", "name": "Libon - Cheap international calls", "value": 461972}, {"image": "http://is3.mzstatic.com/image/thumb/Purple49/v4/6f/22/41/6f22410f-35b6-3f67-9121-2af59623068e/source/100x100bb.jpg", "name": "Ashley Madison", "value": 348319}, {"image": "http://is3.mzstatic.com/image/thumb/Purple49/v4/15/04/a1/1504a1ca-b487-f48f-8f03-5418d5b4858c/source/100x100bb.jpg", "name": "OkCupid Dating", "value": 342628}]}, {"name": "Sports", "children": [{"image": "http://is5.mzstatic.com/image/thumb/Purple69/v4/6b/0e/2c/6b0e2c14-9312-b7a4-3a6b-495c75f43422/source/100x100bb.jpg", "name": "KICK: Official Football Card Trader", "value": 3263555}, {"image": "http://is3.mzstatic.com/image/thumb/Purple3/v4/57/5c/87/575c873d-f5ca-81fe-db4f-11b7cd1fe216/source/100x100bb.jpg", "name": "Sky Sports Mobile TV", "value": 1744702}, {"image": "http://is5.mzstatic.com/image/thumb/Purple49/v4/e5/38/d6/e538d641-7415-f25d-1b55-6dd34f8133aa/source/100x100bb.jpg", "name": "Racing Post for iPad Daily Edition", "value": 1058851}, {"image": "http://is5.mzstatic.com/image/thumb/Purple69/v4/c4/44/9c/c4449ca2-7b85-0c23-78dd-9a3cbbc562d3/source/100x100bb.jpg", "name": "Eurosport Player", "value": 246954}]}, {"name": "Education", "children": [{"image": "http://is4.mzstatic.com/image/thumb/Purple2/v4/f1/d4/f4/f1d4f4b3-d3cd-956d-2c15-b9caa965299f/source/100x100bb.jpg", "name": "The Official DVSA Theory Test Kit for Car Drivers", "value": 2865698}, {"image": "http://is5.mzstatic.com/image/thumb/Purple7/v4/d7/a6/c0/d7a6c02d-86cb-dcee-f68c-b304604813ab/source/100x100bb.jpg", "name": "Yousician - Piano | Guitar | Ukulele - The Ultimate App to Learn Songs", "value": 1211128}, {"image": "http://is5.mzstatic.com/image/thumb/Purple49/v4/dc/a8/fa/dca8faec-2c2c-90ae-e9be-0d736e28b6c2/source/100x100bb.jpg", "name": "Peak - Brain Training", "value": 1115628}, {"image": "http://is2.mzstatic.com/image/thumb/Purple3/v4/47/4b/ff/474bff6b-3853-9ea5-9a4e-d90cabe75b27/source/100x100bb.jpg", "name": "Learn Spanish, English, French, Italian, German and many more languages with Babbel", "value": 992223}, {"image": "http://is3.mzstatic.com/image/thumb/Purple5/v4/db/cf/f6/dbcff6a8-f678-c9ed-e5cd-4f38c7e595bb/source/100x100bb.jpg", "name": "Udemy Online Courses: Learn Programming, Design, Business, Photography, Yoga & More", "value": 769806}, {"image": "http://is3.mzstatic.com/image/thumb/Purple69/v4/3c/ee/bd/3ceebd87-06bc-010f-58e6-39494c23c844/source/100x100bb.jpg", "name": "Proloquo2Go - Symbol-based AAC", "value": 519420}, {"image": "http://is3.mzstatic.com/image/thumb/Purple2/v4/bc/40/32/bc403292-ae06-ae34-0c1e-2cde5caa949e/source/100x100bb.jpg", "name": "Theory Test for Car Drivers UK - Driving Test Success", "value": 472814}, {"image": "http://is5.mzstatic.com/image/thumb/Purple69/v4/69/0f/a2/690fa226-e0d8-1684-cba6-e5faeb578bcd/source/100x100bb.jpg", "name": "Learn Languages: Rosetta Stone", "value": 218621}]}, {"name": "Health & Fitness", "children": [{"image": "http://is2.mzstatic.com/image/thumb/Purple69/v4/82/68/0e/82680e7b-2505-a3e0-999c-227b861a3b70/source/100x100bb.jpg", "name": "Sweat with Kayla", "value": 1963454}, {"image": "http://is5.mzstatic.com/image/thumb/Purple69/v4/1d/28/13/1d2813d7-2a84-fb31-cb07-2cb860c05004/source/100x100bb.jpg", "name": "Calorie Counter & Diet Tracker by MyFitnessPal", "value": 1582016}, {"image": "http://is3.mzstatic.com/image/thumb/Purple69/v4/ec/af/d8/ecafd807-d0ee-ac46-79a2-4d70a089f7d6/source/100x100bb.jpg", "name": "Headspace: Meditation techniques for mindfulness, stress relief & peace of mind", "value": 1476206}, {"image": "http://is3.mzstatic.com/image/thumb/Purple3/v4/12/c0/9a/12c09a03-c464-3509-a4e8-d39a9cd4db06/source/100x100bb.jpg", "name": "7 Minute Workout Challenge", "value": 1306023}, {"image": "http://is3.mzstatic.com/image/thumb/Purple69/v4/19/55/14/195514df-3e2e-2643-caa9-4f5576b1755a/source/100x100bb.jpg", "name": "Weight Watchers", "value": 970119}, {"image": "http://is3.mzstatic.com/image/thumb/Purple69/v4/87/d7/b4/87d7b4d5-e581-b773-24c3-13d36f1562bb/source/100x100bb.jpg", "name": "Lifesum - Healthier living, better eating, more movement", "value": 678467}, {"image": "http://is3.mzstatic.com/image/thumb/Purple49/v4/27/78/87/27788729-655c-deb4-5d34-2c6cf34583c7/source/100x100bb.jpg", "name": "Strava Running and Cycling - GPS Run and Ride Tracker", "value": 575705}, {"image": "http://is5.mzstatic.com/image/thumb/Purple69/v4/07/2b/68/072b68dd-c0e3-79fd-84ab-2288ab95f141/source/100x100bb.jpg", "name": "Glow Guides", "value": 436777}]}, {"name": "News", "children": [{"image": "http://is5.mzstatic.com/image/thumb/Purple7/v4/89/a0/5c/89a05cde-4a83-ba85-5125-a25ed2e0ec5e/source/100x100bb.jpg", "name": "The Times & The Sunday Times: Daily edition newspaper for world business, financial & political news, plus sports reports", "value": 1770299}, {"image": "http://is2.mzstatic.com/image/thumb/Purple7/v4/d3/37/44/d337444f-52fa-dfa6-e4af-9e025fb88ced/source/100x100bb.jpg", "name": "The Guardian and Observer daily edition", "value": 1408356}, {"image": "http://is5.mzstatic.com/image/thumb/Purple69/v4/43/74/88/4374885f-3d93-0496-a935-4ce4399129cb/source/100x100bb.jpg", "name": "Mail Plus \u2013 Daily Mail and The Mail on Sunday for iPad and iPhone", "value": 1371994}, {"image": "http://is1.mzstatic.com/image/thumb/Purple69/v4/1d/b0/4f/1db04f9d-6300-b1a9-2a3c-8d5abc85c988/source/100x100bb.jpg", "name": "The Telegraph Daily UK Edition", "value": 1021345}, {"image": "http://is3.mzstatic.com/image/thumb/Purple69/v4/6c/30/ef/6c30ef7d-c99f-a9f7-ce53-defaa7ddc90c/source/100x100bb.jpg", "name": "The Mirror - FREE Every Weekday", "value": 521486}, {"image": "http://is5.mzstatic.com/image/thumb/Purple5/v4/83/c3/b6/83c3b6ff-3db0-b397-610f-7db93fb5cd77/source/100x100bb.jpg", "name": "The Sun Classic", "value": 481696}, {"image": "http://is3.mzstatic.com/image/thumb/Purple7/v4/60/60/4f/60604f60-e7e0-221c-8802-5737b265e442/source/100x100bb.jpg", "name": "Daily Record Newspaper App (UK)", "value": 282202}]}, {"name": "Photo & Video", "children": [{"image": "http://is5.mzstatic.com/image/thumb/Purple69/v4/83/d5/a0/83d5a076-14b3-13ee-87a2-832b81624fae/source/100x100bb.jpg", "name": "Video Star", "value": 1441252}, {"image": "http://is4.mzstatic.com/image/thumb/Purple5/v4/c1/f8/d6/c1f8d65e-24fa-7aac-92fd-ff7125fa6fbd/source/100x100bb.jpg", "name": "Facetune", "value": 1404601}, {"image": "http://is2.mzstatic.com/image/thumb/Purple69/v4/2b/76/6d/2b766d61-b618-9bb3-71f9-6cbd9a92f3eb/source/100x100bb.jpg", "name": "Snapchat", "value": 1340223}, {"image": "http://is3.mzstatic.com/image/thumb/Purple6/v4/37/19/73/37197330-92b3-3500-2811-e411d0dc2b91/source/100x100bb.jpg", "name": "Enlight", "value": 952911}]}, {"name": "Productivity", "children": [{"image": "http://is5.mzstatic.com/image/thumb/Purple69/v4/8f/be/e1/8fbee142-4bf3-d96c-a8ac-00115344c1a7/source/100x100bb.jpg", "name": "Everalbum - organize your life's photos", "value": 1343357}, {"image": "http://is5.mzstatic.com/image/thumb/Purple69/v4/06/92/44/069244a0-f0a3-2c0d-e63b-5a3b9effaa67/source/100x100bb.jpg", "name": "Microsoft Word", "value": 969831}, {"image": "http://is1.mzstatic.com/image/thumb/Purple49/v4/a5/f8/91/a5f891e9-a700-c550-c55c-6f38e0e80a13/source/100x100bb.jpg", "name": "Dropbox", "value": 870227}, {"image": "http://is2.mzstatic.com/image/thumb/Purple69/v4/8e/3e/4a/8e3e4a1f-f0cd-8f03-0adf-784f2d689b78/source/100x100bb.jpg", "name": "TunnelBear VPN - Best Mobile VPN to Unblock and Secure Web Sites | WiFi Hotspot Security & IP Address Privacy Protection | Free VPN", "value": 434502}, {"image": "http://is2.mzstatic.com/image/thumb/Purple6/v4/1a/fb/e6/1afbe627-de5e-c7bf-6d55-fc576b9d058a/source/100x100bb.jpg", "name": "Get Likes for Instagram - Get More Free Instagram Likes & Followers", "value": 398626}]}, {"name": "Business", "children": [{"image": "http://is4.mzstatic.com/image/thumb/Purple69/v4/3b/e0/48/3be048e3-5984-0703-0e3c-1bb2e037f95d/source/100x100bb.jpg", "name": "Invoice2go \u2013 Professional Invoices On The Go", "value": 1254554}]}, {"name": "Utilities", "children": [{"image": "http://is5.mzstatic.com/image/thumb/Purple69/v4/f9/2d/67/f92d6782-d790-757b-a91d-df78dbbdf39e/source/100x100bb.jpg", "name": "KIMOJI", "value": 1107459}, {"image": "http://is4.mzstatic.com/image/thumb/Purple69/v4/1b/3e/d6/1b3ed654-6779-c46b-db75-a07a8f31bb50/source/100x100bb.jpg", "name": "Cheap International Calls | FooCall", "value": 814479}, {"image": "http://is4.mzstatic.com/image/thumb/Purple7/v4/72/9f/18/729f184c-30aa-096c-76ab-ccd2a3345b37/source/100x100bb.jpg", "name": "Get followers and likes on 1000Followers - for Instagram", "value": 657467}]}, {"name": "Navigation", "children": [{"image": "http://is1.mzstatic.com/image/thumb/Purple69/v4/ee/60/da/ee60da32-1ba7-c70c-9f9f-932320892faa/source/100x100bb.jpg", "name": "TomTom U.K. & Ireland", "value": 301894}]}]}